Price,Close,High,Low,Open,Volume
Ticker,^GSPC,^GSPC,^GSPC,^GSPC,^GSPC
Datetime,,,,,
2024-06-04 13:30:00+00:00,5276.830078125,5284.75,5257.6298828125,5278.240234375,594618672
2024-06-04 17:30:00+00:00,5290.740234375,5298.7998046875,5271.47021484375,5276.83984375,743513483
2024-06-05 13:30:00+00:00,5335.35986328125,5338.009765625,5297.64013671875,5314.47998046875,602290204
2024-06-05 17:30:00+00:00,5353.64013671875,5353.64013671875,5334.56982421875,5335.2900390625,731656000
2024-06-06 13:30:00+00:00,5348.85986328125,5362.35009765625,5340.14990234375,5357.7998046875,583102468
2024-06-06 17:30:00+00:00,5352.91015625,5353.830078125,5335.35986328125,5348.8798828125,708227577
2024-06-07 13:30:00+00:00,5368.2900390625,5375.080078125,5331.330078125,5343.81005859375,533077502
2024-06-07 17:30:00+00:00,5346.2998046875,5370.5,5341.8798828125,5368.3798828125,650597487
2024-06-10 13:30:00+00:00,5349.2900390625,5357.9599609375,5331.52001953125,5341.22021484375,691390176
2024-06-10 17:30:00+00:00,5360.66015625,5365.7900390625,5348.1201171875,5349.18017578125,822667000
2024-06-11 13:30:00+00:00,5348.6201171875,5354.2998046875,5327.25,5353.0,679788090
2024-06-11 17:30:00+00:00,5375.81005859375,5375.9501953125,5348.4501953125,5348.56005859375,759508000
2024-06-12 13:30:00+00:00,5436.06005859375,5446.27978515625,5409.1298828125,5409.1298828125,742403807
2024-06-12 17:30:00+00:00,5421.14013671875,5447.25,5410.0400390625,5435.990234375,950440000
2024-06-13 13:30:00+00:00,5423.669921875,5441.93017578125,5402.509765625,5441.93017578125,678761647
2024-06-13 17:30:00+00:00,5432.81005859375,5439.3798828125,5418.9501953125,5423.64013671875,752536000
2024-06-14 13:30:00+00:00,5426.43017578125,5429.47021484375,5403.75,5424.080078125,675846821
2024-06-14 17:30:00+00:00,5432.35009765625,5432.39013671875,5417.419921875,5426.3798828125,706361000
2024-06-17 13:30:00+00:00,5467.77978515625,5469.919921875,5420.39990234375,5431.10986328125,671120514
2024-06-17 17:30:00+00:00,5473.669921875,5488.5,5467.60986328125,5467.919921875,835217000
2024-06-18 13:30:00+00:00,5485.06982421875,5486.509765625,5471.31982421875,5476.14990234375,701723870
2024-06-18 17:30:00+00:00,5486.81005859375,5490.3798828125,5476.169921875,5485.10009765625,779750000
2024-06-20 13:30:00+00:00,5464.10986328125,5505.52978515625,5461.919921875,5499.990234375,827496804
2024-06-20 17:30:00+00:00,5472.4599609375,5485.72998046875,5455.56005859375,5464.1201171875,930024000
2024-06-21 13:30:00+00:00,5462.56982421875,5478.31005859375,5452.02978515625,5466.77001953125,720661337
2024-06-21 17:30:00+00:00,5467.64990234375,5473.009765625,5457.18017578125,5462.5498046875,974460000
2024-06-24 13:30:00+00:00,5463.81005859375,5490.66015625,5458.5,5459.580078125,787783265
2024-06-24 17:30:00+00:00,5448.93017578125,5467.60986328125,5447.58984375,5463.77978515625,839798000
2024-06-25 13:30:00+00:00,5457.89013671875,5466.39013671875,5446.56005859375,5460.72998046875,709630472
2024-06-25 17:30:00+00:00,5470.43994140625,5472.8798828125,5455.97998046875,5458.0,739201000
2024-06-26 13:30:00+00:00,5466.10986328125,5475.56982421875,5451.8701171875,5460.7099609375,1228192000
2024-06-26 17:30:00+00:00,5478.60986328125,5483.14013671875,5462.64013671875,5466.10986328125,802938000
2024-06-27 13:30:00+00:00,5484.18994140625,5490.81005859375,5468.080078125,5473.58984375,710089247
2024-06-27 17:30:00+00:00,5482.10009765625,5485.56005859375,5467.5400390625,5484.240234375,754063000
2024-06-28 13:30:00+00:00,5483.52978515625,5523.64013671875,5476.2001953125,5488.47998046875,804929523
2024-06-28 17:30:00+00:00,5459.16015625,5486.18017578125,5451.1201171875,5483.5,978002000
2024-07-01 13:30:00+00:00,5471.02001953125,5479.5498046875,5446.52978515625,5471.080078125,718486559
2024-07-01 17:30:00+00:00,5474.5,5479.1201171875,5459.580078125,5471.0,758603000
2024-07-02 13:30:00+00:00,5487.47021484375,5489.60009765625,5458.43017578125,5461.83984375,659375476
2024-07-02 17:30:00+00:00,5509.27978515625,5509.56005859375,5485.4599609375,5487.43017578125,718590000
2024-07-03 13:30:00+00:00,5532.5400390625,5533.0498046875,5507.419921875,5507.43994140625,614600942
2024-07-05 13:30:00+00:00,5558.58984375,5559.85986328125,5531.6298828125,5537.91015625,605157782
2024-07-05 17:30:00+00:00,5566.68994140625,5570.330078125,5558.419921875,5558.60986328125,631815000
2024-07-08 13:30:00+00:00,5568.5400390625,5582.68994140625,5562.509765625,5572.75,671299323
2024-07-08 17:30:00+00:00,5572.1298828125,5575.080078125,5562.580078125,5568.5400390625,721244000
2024-07-09 13:30:00+00:00,5579.3798828125,5590.75,5576.66015625,5584.240234375,760714423
2024-07-09 17:30:00+00:00,5577.52001953125,5582.7998046875,5574.56982421875,5579.3798828125,745984000
2024-07-10 13:30:00+00:00,5612.72998046875,5616.72998046875,5586.43994140625,5591.259765625,692127306
2024-07-10 17:30:00+00:00,5632.97998046875,5635.39013671875,5611.75,5612.72021484375,742403000
2024-07-11 13:30:00+00:00,5589.2900390625,5642.4501953125,5578.10009765625,5635.2099609375,928103108
2024-07-11 17:30:00+00:00,5585.509765625,5593.990234375,5576.52978515625,5589.31005859375,870099000
2024-07-12 13:30:00+00:00,5643.18017578125,5643.2001953125,5590.43994140625,5590.759765625,1252004000
2024-07-12 17:30:00+00:00,5615.93017578125,5655.56005859375,5609.7099609375,5643.18994140625,839312000
2024-07-15 13:30:00+00:00,5635.27978515625,5666.93994140625,5632.64013671875,5638.16015625,729092056
2024-07-15 17:30:00+00:00,5632.56005859375,5644.16015625,5614.75,5635.22021484375,778530000
2024-07-16 13:30:00+00:00,5645.759765625,5663.02978515625,5639.02001953125,5644.08984375,1283001000
2024-07-16 17:30:00+00:00,5667.56005859375,5669.669921875,5643.9599609375,5645.7099609375,839916000
2024-07-17 13:30:00+00:00,5591.52001953125,5622.490234375,5584.81005859375,5610.06982421875,1663419000
2024-07-17 17:30:00+00:00,5588.18994140625,5601.259765625,5586.7900390625,5591.47021484375,1009856000
2024-07-18 13:30:00+00:00,5561.39990234375,5614.0498046875,5542.009765625,5608.56005859375,1002353784
2024-07-18 17:30:00+00:00,5545.25,5566.2001953125,5522.81005859375,5561.4599609375,933229000
2024-07-19 13:30:00+00:00,5503.33984375,5557.5,5497.0400390625,5543.3701171875,737003364
2024-07-19 17:30:00+00:00,5505.72998046875,5522.009765625,5498.41015625,5503.35009765625,845941000
2024-07-22 13:30:00+00:00,5559.3701171875,5562.43017578125,5529.0400390625,5544.5400390625,692725493
2024-07-22 17:30:00+00:00,5563.9599609375,5570.35986328125,5559.25,5559.3798828125,796462000
2024-07-23 13:30:00+00:00,5565.8701171875,5585.33984375,5559.41015625,5565.2998046875,727902233
2024-07-23 17:30:00+00:00,5556.27001953125,5573.16015625,5550.89990234375,5565.72998046875,753408000
2024-07-24 13:30:00+00:00,5459.89013671875,5508.0400390625,5453.0498046875,5505.83984375,854310545
2024-07-24 17:30:00+00:00,5428.3798828125,5466.330078125,5419.97998046875,5459.8798828125,1050948000
2024-07-25 13:30:00+00:00,5464.43994140625,5491.58984375,5390.9501953125,5428.7001953125,1095603998
2024-07-25 17:30:00+00:00,5399.31982421875,5468.35009765625,5397.66015625,5464.31982421875,1049189000
2024-07-26 13:30:00+00:00,5487.31982421875,5488.31982421875,5430.7001953125,5433.669921875,808727306
2024-07-26 17:30:00+00:00,5459.509765625,5487.759765625,5444.759765625,5487.2900390625,841824000
2024-07-29 13:30:00+00:00,5470.64013671875,5487.740234375,5444.43994140625,5476.5498046875,721937687
2024-07-29 17:30:00+00:00,5463.68017578125,5477.14990234375,5461.31982421875,5470.31005859375,759966000
2024-07-30 13:30:00+00:00,5421.06005859375,5489.4599609375,5401.7001953125,5478.72998046875,983074490
2024-07-30 17:30:00+00:00,5435.39013671875,5452.75,5418.60986328125,5421.18994140625,979102000
2024-07-31 13:30:00+00:00,5520.72021484375,5534.0400390625,5493.75,5505.58984375,824804628
2024-07-31 17:30:00+00:00,5520.9501953125,5551.509765625,5503.93017578125,5520.77978515625,1122885000
2024-08-01 13:30:00+00:00,5439.18994140625,5566.16015625,5433.77978515625,5537.83984375,1687435000
2024-08-01 17:30:00+00:00,5446.77001953125,5450.2900390625,5410.419921875,5439.16015625,1194703000
2024-08-02 13:30:00+00:00,5321.6298828125,5383.89013671875,5302.02978515625,5376.6298828125,1250156273
2024-08-02 17:30:00+00:00,5345.52001953125,5347.259765625,5311.81005859375,5321.56005859375,1184060000
2024-08-05 13:30:00+00:00,5212.080078125,5250.89013671875,5119.259765625,5123.81982421875,1172641000
2024-08-05 17:30:00+00:00,5188.41015625,5223.7998046875,5164.2998046875,5212.06005859375,1181910000
2024-08-06 13:30:00+00:00,5293.259765625,5296.669921875,5193.56005859375,5206.419921875,1542274000
2024-08-06 17:30:00+00:00,5237.31005859375,5312.33984375,5237.31005859375,5293.4501953125,1040530000
2024-08-07 13:30:00+00:00,5251.41015625,5330.64013671875,5238.52001953125,5293.1298828125,1411928000
2024-08-07 17:30:00+00:00,5201.2099609375,5263.9599609375,5195.5400390625,5251.5,1035030000
2024-08-08 13:30:00+00:00,5314.22021484375,5314.22021484375,5233.85009765625,5252.56982421875,1315438000
2024-08-08 17:30:00+00:00,5318.58984375,5328.02978515625,5297.56982421875,5314.22998046875,908291000
2024-08-09 13:30:00+00:00,5354.7099609375,5354.7099609375,5300.83984375,5314.66015625,1103832000
2024-08-09 17:30:00+00:00,5343.97021484375,5358.669921875,5330.240234375,5354.9501953125,711489000
2024-08-12 13:30:00+00:00,5348.18017578125,5371.2001953125,5324.3701171875,5351.8798828125,689330616
2024-08-12 17:30:00+00:00,5345.02001953125,5352.2998046875,5331.7001953125,5348.2001953125,691722000
2024-08-13 13:30:00+00:00,5421.85009765625,5425.18017578125,5376.97998046875,5376.97998046875,750172706
2024-08-13 17:30:00+00:00,5434.16015625,5436.5,5409.7001953125,5421.89013671875,826395000
2024-08-14 13:30:00+00:00,5445.66015625,5463.22021484375,5415.91015625,5442.35986328125,708738737
2024-08-14 17:30:00+00:00,5453.259765625,5460.64990234375,5441.22998046875,5445.77001953125,708425000
2024-08-15 13:30:00+00:00,5533.58984375,5539.89990234375,5501.1298828125,5501.1298828125,759002180
2024-08-15 17:30:00+00:00,5542.8798828125,5546.22998046875,5532.52978515625,5533.5,854222000
2024-08-16 13:30:00+00:00,5558.18994140625,5561.97998046875,5525.169921875,5530.5,660817897
2024-08-16 17:30:00+00:00,5554.22021484375,5560.58984375,5548.330078125,5558.25,666998000
2024-08-19 13:30:00+00:00,5583.22998046875,5586.2099609375,5550.740234375,5557.22998046875,586362116
2024-08-19 17:30:00+00:00,5607.52001953125,5607.85009765625,5581.330078125,5583.259765625,703893458
2024-08-20 13:30:00+00:00,5593.27001953125,5620.509765625,5585.5,5602.8798828125,630332241
2024-08-20 17:30:00+00:00,5596.41015625,5608.56005859375,5588.990234375,5593.31005859375,642908000
2024-08-21 13:30:00+00:00,5611.35009765625,5632.68017578125,5591.56982421875,5603.08984375,565955458
2024-08-21 17:30:00+00:00,5620.419921875,5628.1298828125,5604.60986328125,5611.419921875,682309642
2024-08-22 13:30:00+00:00,5586.35009765625,5643.22021484375,5580.919921875,5637.77001953125,1033079000
2024-08-22 17:30:00+00:00,5573.35986328125,5586.8798828125,5560.9501953125,5586.330078125,755683000
2024-08-23 13:30:00+00:00,5614.39013671875,5641.81982421875,5585.16015625,5602.490234375,690461234
2024-08-23 17:30:00+00:00,5633.31005859375,5637.56005859375,5613.16015625,5614.2900390625,655645000
2024-08-26 13:30:00+00:00,5620.43994140625,5651.6201171875,5608.43994140625,5639.66015625,612179884
2024-08-26 17:30:00+00:00,5618.18994140625,5621.60986328125,5602.33984375,5620.6201171875,628110000
2024-08-27 13:30:00+00:00,5628.419921875,5631.18017578125,5593.47998046875,5602.89013671875,565230520
2024-08-27 17:30:00+00:00,5626.39013671875,5631.009765625,5622.47998046875,5628.43017578125,639519245
2024-08-28 13:30:00+00:00,5589.77001953125,5627.02978515625,5580.52001953125,5624.509765625,655058629
2024-08-28 17:30:00+00:00,5592.18017578125,5603.6298828125,5560.9501953125,5589.77978515625,708128000
2024-08-29 13:30:00+00:00,5635.06005859375,5646.9501953125,5604.52978515625,5607.2998046875,624653299
2024-08-29 17:30:00+00:00,5592.56005859375,5638.91015625,5583.7099609375,5635.080078125,809850000
2024-08-30 13:30:00+00:00,5599.009765625,5632.2900390625,5581.7900390625,5612.740234375,609618051
2024-08-30 17:30:00+00:00,5646.9599609375,5651.3701171875,5596.25,5598.93017578125,774251000
2024-09-03 13:30:00+00:00,5565.18994140625,5623.89013671875,5556.259765625,5623.89013671875,811672615
2024-09-03 17:30:00+00:00,5529.10986328125,5565.60009765625,5504.330078125,5565.2099609375,989718000
2024-09-04 13:30:00+00:00,5521.08984375,5552.990234375,5506.68017578125,5506.68017578125,694939792
2024-09-04 17:30:00+00:00,5519.08984375,5528.06005859375,5503.66015625,5521.080078125,836069000
2024-09-05 13:30:00+00:00,5486.5,5546.2998046875,5480.5400390625,5520.080078125,746558789
2024-09-05 17:30:00+00:00,5503.1201171875,5519.22021484375,5486.22998046875,5486.5,770208000
2024-09-06 13:30:00+00:00,5416.39990234375,5522.47021484375,5404.47021484375,5507.330078125,863244152
2024-09-06 17:30:00+00:00,5409.64990234375,5425.759765625,5402.6201171875,5416.43017578125,893344000
2024-09-09 13:30:00+00:00,5480.68994140625,5484.2001953125,5434.490234375,5442.06982421875,736165865
2024-09-09 17:30:00+00:00,5471.0498046875,5480.6298828125,5449.580078125,5480.6298828125,858931000
2024-09-10 13:30:00+00:00,5470.64013671875,5495.14013671875,5441.72021484375,5490.509765625,757028061
2024-09-10 17:30:00+00:00,5495.22021484375,5497.91015625,5470.56982421875,5470.72021484375,876934000
2024-09-11 13:30:00+00:00,5496.5400390625,5498.56005859375,5406.9599609375,5496.419921875,1343192000
2024-09-11 17:30:00+00:00,5551.81005859375,5560.41015625,5496.14990234375,5496.60009765625,971693000
2024-09-12 13:30:00+00:00,5585.830078125,5588.22021484375,5535.5,5557.47998046875,743731137
2024-09-12 17:30:00+00:00,5596.990234375,5600.7099609375,5573.9599609375,5585.77001953125,879066000
2024-09-13 13:30:00+00:00,5633.830078125,5635.8701171875,5601.64990234375,5603.33984375,1140672000
2024-09-13 17:30:00+00:00,5625.52978515625,5636.27001953125,5616.9599609375,5633.7998046875,723338000
2024-09-16 13:30:00+00:00,5621.85986328125,5635.0498046875,5604.52978515625,5620.9599609375,679980323
2024-09-16 17:30:00+00:00,5633.85986328125,5636.0498046875,5621.2001953125,5621.85009765625,749673000
2024-09-17 13:30:00+00:00,5632.7001953125,5670.81005859375,5615.9501953125,5655.509765625,760679465
2024-09-17 17:30:00+00:00,5635.740234375,5636.22998046875,5614.0498046875,5632.5498046875,741286000
2024-09-18 13:30:00+00:00,5641.9501953125,5642.83984375,5618.47021484375,5641.68017578125,904806560
2024-09-18 17:30:00+00:00,5618.89013671875,5689.75,5615.080078125,5641.85986328125,1122093440
2024-09-19 13:30:00+00:00,5723.18994140625,5725.740234375,5686.419921875,5702.6298828125,1329042000
2024-09-19 17:30:00+00:00,5713.2099609375,5733.56982421875,5708.7001953125,5724.72021484375,905399000
2024-09-20 13:30:00+00:00,5704.419921875,5709.64013671875,5674.490234375,5709.64013671875,1511901000
2024-09-20 17:30:00+00:00,5702.509765625,5715.14013671875,5684.3701171875,5704.43994140625,1137868000
2024-09-23 13:30:00+00:00,5710.22021484375,5725.35986328125,5704.22021484375,5711.89990234375,660348312
2024-09-23 17:30:00+00:00,5718.259765625,5721.02978515625,5709.6298828125,5710.240234375,707214000
2024-09-24 13:30:00+00:00,5728.56982421875,5734.43017578125,5698.990234375,5727.66015625,1242467000
2024-09-24 17:30:00+00:00,5734.52001953125,5735.31982421875,5718.10986328125,5728.60009765625,738805000
2024-09-25 13:30:00+00:00,5720.06982421875,5741.02978515625,5714.31005859375,5733.64990234375,692220966
2024-09-25 17:30:00+00:00,5722.9501953125,5725.83984375,5712.06005859375,5720.0,721515000
2024-09-26 13:30:00+00:00,5732.64013671875,5767.3701171875,5721.009765625,5762.22021484375,830229736
2024-09-26 17:30:00+00:00,5744.52001953125,5749.02978515625,5732.56982421875,5732.56982421875,801798000
2024-09-27 13:30:00+00:00,5739.259765625,5763.77978515625,5739.259765625,5755.35986328125,667354671
2024-09-27 17:30:00+00:00,5737.259765625,5748.1298828125,5727.33984375,5739.2998046875,710407000
2024-09-30 13:30:00+00:00,5732.06982421875,5743.85986328125,5724.35009765625,5726.52001953125,570833650
2024-09-30 17:30:00+00:00,5760.919921875,5765.14013671875,5703.52978515625,5732.009765625,797932000
2024-10-01 13:30:00+00:00,5685.27001953125,5757.72998046875,5681.27978515625,5757.72998046875,779318860
2024-10-01 17:30:00+00:00,5708.47021484375,5730.35009765625,5683.919921875,5685.2900390625,809180000
2024-10-02 13:30:00+00:00,5705.990234375,5719.6298828125,5674.0,5698.14013671875,630243627
2024-10-02 17:30:00+00:00,5709.2001953125,5715.47998046875,5697.39013671875,5705.89990234375,711527000
2024-10-03 13:30:00+00:00,5686.490234375,5718.77978515625,5677.3701171875,5698.18994140625,633192817
2024-10-03 17:30:00+00:00,5698.93017578125,5703.31982421875,5682.16015625,5686.52978515625,694164000
2024-10-04 13:30:00+00:00,5730.77001953125,5746.02001953125,5702.830078125,5737.47998046875,631291507
2024-10-04 17:30:00+00:00,5749.6298828125,5753.2099609375,5717.27001953125,5730.7900390625,686155000
2024-10-07 13:30:00+00:00,5724.669921875,5739.330078125,5722.27001953125,5737.7998046875,666538927
2024-10-07 17:30:00+00:00,5696.31005859375,5725.85009765625,5686.85009765625,5723.27001953125,804861000
2024-10-08 13:30:00+00:00,5733.1201171875,5745.080078125,5714.56005859375,5719.14013671875,650934172
2024-10-08 17:30:00+00:00,5750.68994140625,5757.60009765625,5731.81982421875,5733.1201171875,729552000
2024-10-09 13:30:00+00:00,5784.97998046875,5790.43017578125,5745.02001953125,5751.7998046875,689224031
2024-10-09 17:30:00+00:00,5791.990234375,5796.7998046875,5771.1298828125,5784.8701171875,711795000
2024-10-10 13:30:00+00:00,5782.919921875,5795.02978515625,5765.41015625,5778.35986328125,622259525
2024-10-10 17:30:00+00:00,5780.27001953125,5785.43994140625,5764.759765625,5782.919921875,670035000
2024-10-11 13:30:00+00:00,5807.7099609375,5819.47021484375,5775.08984375,5775.08984375,619195624
2024-10-11 17:30:00+00:00,5814.91015625,5822.1298828125,5806.080078125,5807.7099609375,661193000
2024-10-14 13:30:00+00:00,5857.31982421875,5860.31982421875,5829.56982421875,5829.81005859375,549197224
2024-10-14 17:30:00+00:00,5860.72021484375,5871.41015625,5853.0400390625,5857.31005859375,663120987
2024-10-15 13:30:00+00:00,5829.64013671875,5870.35986328125,5826.990234375,5866.740234375,905149065
2024-10-15 17:30:00+00:00,5817.8701171875,5835.8798828125,5804.47998046875,5829.60009765625,843405000
2024-10-16 13:30:00+00:00,5830.240234375,5834.47998046875,5808.33984375,5816.580078125,663360120
2024-10-16 17:30:00+00:00,5842.330078125,5846.52001953125,5830.2099609375,5830.22021484375,772552000
2024-10-17 13:30:00+00:00,5861.259765625,5878.4599609375,5843.330078125,5875.6201171875,658110164
2024-10-17 17:30:00+00:00,5841.47998046875,5865.830078125,5840.25,5861.259765625,759979000
2024-10-18 13:30:00+00:00,5864.72021484375,5871.10986328125,5846.10986328125,5859.43017578125,589341314
2024-10-18 17:30:00+00:00,5864.52001953125,5872.169921875,5857.9501953125,5864.72998046875,642814000
2024-10-21 13:30:00+00:00,5847.58984375,5866.919921875,5824.7900390625,5857.81982421875,591543612
2024-10-21 17:30:00+00:00,5854.77978515625,5854.77978515625,5840.6201171875,5847.60009765625,681241000
2024-10-22 13:30:00+00:00,5845.14990234375,5845.2001953125,5821.169921875,5832.7001953125,615868200
2024-10-22 17:30:00+00:00,5851.08984375,5863.0400390625,5845.0,5845.18994140625,713506000
2024-10-23 13:30:00+00:00,5787.81982421875,5834.85009765625,5783.1201171875,5834.5,678725354
2024-10-23 17:30:00+00:00,5797.58984375,5799.080078125,5762.41015625,5787.89013671875,808745000
2024-10-24 13:30:00+00:00,5808.47021484375,5817.7998046875,5784.919921875,5817.7998046875,1145296000
2024-10-24 17:30:00+00:00,5809.259765625,5816.22998046875,5800.0400390625,5808.4501953125,732436000
2024-10-25 13:30:00+00:00,5823.31005859375,5862.81982421875,5819.2900390625,5826.75,654937664
2024-10-25 17:30:00+00:00,5808.0,5823.4599609375,5799.97998046875,5822.97998046875,724268000
2024-10-28 13:30:00+00:00,5831.490234375,5842.919921875,5824.31005859375,5833.93017578125,613613483
2024-10-28 17:30:00+00:00,5824.56005859375,5836.0498046875,5823.080078125,5831.5400390625,696385000
2024-10-29 13:30:00+00:00,5837.7099609375,5844.89990234375,5802.169921875,5819.68017578125,761865877
2024-10-29 17:30:00+00:00,5834.77978515625,5847.18994140625,5831.580078125,5837.66015625,823508000
2024-10-30 13:30:00+00:00,5833.27978515625,5850.93994140625,5811.27978515625,5832.64990234375,774321994
2024-10-30 17:30:00+00:00,5816.91015625,5835.7900390625,5811.68994140625,5833.22021484375,899050000
2024-10-31 13:30:00+00:00,5728.91015625,5775.33984375,5718.18017578125,5775.33984375,859862100
2024-10-31 17:30:00+00:00,5703.27978515625,5736.35986328125,5703.27978515625,5728.85986328125,1021213000
2024-11-01 13:30:00+00:00,5754.4501953125,5772.52001953125,5723.22021484375,5723.22021484375,797733581
2024-11-01 17:30:00+00:00,5728.43017578125,5754.6298828125,5724.2099609375,5754.47021484375,882751000
2024-11-04 14:30:00+00:00,5722.0400390625,5741.43017578125,5696.509765625,5725.14990234375,698469810
2024-11-04 18:30:00+00:00,5713.66015625,5728.72998046875,5708.919921875,5722.02978515625,740629000
2024-11-05 14:30:00+00:00,5770.72021484375,5780.830078125,5722.10009765625,5722.43017578125,668163215
2024-11-05 18:30:00+00:00,5783.06982421875,5783.43994140625,5763.60986328125,5770.580078125,782342000
2024-11-06 14:30:00+00:00,5919.31982421875,5919.7900390625,5864.89013671875,5864.89013671875,1144238000
2024-11-06 18:30:00+00:00,5927.7998046875,5936.14013671875,5915.47021484375,5919.259765625,1230039000
2024-11-07 14:30:00+00:00,5965.9501953125,5972.8798828125,5947.2099609375,5947.2099609375,845649434
2024-11-07 18:30:00+00:00,5973.1201171875,5983.83984375,5957.6201171875,5965.9501953125,1017613000
2024-11-08 14:30:00+00:00,5998.4599609375,6000.02001953125,5976.759765625,5976.759765625,781906897
2024-11-08 18:30:00+00:00,5996.6201171875,6012.4501953125,5992.39990234375,5998.490234375,888737000
2024-11-11 14:30:00+00:00,5994.22998046875,6017.31005859375,5986.68994140625,6008.85986328125,838818686
2024-11-11 18:30:00+00:00,6003.580078125,6003.580078125,5992.490234375,5994.3798828125,810200000
2024-11-12 14:30:00+00:00,5973.72998046875,6009.919921875,5960.080078125,6003.60009765625,755654588
2024-11-12 18:30:00+00:00,5984.18017578125,5999.58984375,5973.60009765625,5973.77978515625,820056000
2024-11-13 14:30:00+00:00,6003.27978515625,6008.18994140625,5965.91015625,5985.75,710288102
2024-11-13 18:30:00+00:00,5986.97021484375,6007.56005859375,5980.4599609375,6003.2900390625,844495000
2024-11-14 14:30:00+00:00,5966.52978515625,5993.8798828125,5952.39013671875,5989.68017578125,735971644
2024-11-14 18:30:00+00:00,5949.75,5972.4501953125,5942.27978515625,5966.43017578125,875936000
2024-11-15 14:30:00+00:00,5868.2900390625,5915.31982421875,5860.52978515625,5912.7900390625,929250206
2024-11-15 18:30:00+00:00,5869.75,5875.56005859375,5853.009765625,5868.1201171875,1037019000
2024-11-18 14:30:00+00:00,5894.60009765625,5908.1201171875,5865.9501953125,5874.169921875,752099927
2024-11-18 18:30:00+00:00,5894.25,5897.72021484375,5883.89013671875,5894.580078125,865996000
2024-11-19 14:30:00+00:00,5908.7998046875,5909.490234375,5855.2900390625,5870.0498046875,778506508
2024-11-19 18:30:00+00:00,5915.85009765625,5923.509765625,5904.9599609375,5908.81982421875,862366000
2024-11-20 14:30:00+00:00,5889.10009765625,5918.02001953125,5860.56005859375,5914.33984375,699913572
2024-11-20 18:30:00+00:00,5916.830078125,5920.669921875,5875.169921875,5889.14013671875,809405000
2024-11-21 14:30:00+00:00,5956.5400390625,5958.64013671875,5887.259765625,5940.580078125,838696667
2024-11-21 18:30:00+00:00,5948.47998046875,5963.31982421875,5947.47998046875,5956.52978515625,896734000
2024-11-22 14:30:00+00:00,5967.580078125,5972.89013671875,5944.35986328125,5944.35986328125,799296265
2024-11-22 18:30:00+00:00,5968.259765625,5972.89990234375,5954.52978515625,5967.509765625,804289000
2024-11-25 14:30:00+00:00,5983.43994140625,6020.75,5963.91015625,5992.27978515625,790113312
2024-11-25 18:30:00+00:00,5987.14990234375,5989.22021484375,5978.5,5983.35009765625,909707000
2024-11-26 14:30:00+00:00,6010.3701171875,6012.97021484375,5992.27001953125,6000.02978515625,633542644
2024-11-26 18:30:00+00:00,6020.740234375,6025.419921875,6003.85986328125,6010.39990234375,748394000
2024-11-27 14:30:00+00:00,5996.33984375,6020.16015625,5984.8701171875,6014.10986328125,607758016
2024-11-27 18:30:00+00:00,5998.72021484375,6002.66015625,5991.47021484375,5996.3701171875,609022000
2024-11-29 14:30:00+00:00,6039.18017578125,6043.18017578125,6003.97998046875,6003.97998046875,424406918
2024-12-02 14:30:00+00:00,6047.06005859375,6050.7099609375,6035.330078125,6040.10986328125,787658929
2024-12-02 18:30:00+00:00,6046.8798828125,6053.580078125,6041.22998046875,6047.0498046875,804537000
2024-12-03 14:30:00+00:00,6045.7998046875,6049.0,6033.39013671875,6042.97021484375,739040588
2024-12-03 18:30:00+00:00,6049.669921875,6052.06982421875,6042.240234375,6045.7099609375,757852000
2024-12-04 14:30:00+00:00,6069.27001953125,6075.89990234375,6061.06005859375,6069.39013671875,739473279
2024-12-04 18:30:00+00:00,6086.22998046875,6089.83984375,6063.0,6069.259765625,866053000
2024-12-05 14:30:00+00:00,6082.85986328125,6094.5498046875,6078.2099609375,6089.02978515625,774145206
2024-12-05 18:30:00+00:00,6075.9501953125,6088.22021484375,6072.89990234375,6082.8798828125,833292000
2024-12-06 14:30:00+00:00,6090.22021484375,6099.97021484375,6080.4501953125,6081.3798828125,721360478
2024-12-06 18:30:00+00:00,6088.759765625,6090.9599609375,6079.97998046875,6090.18017578125,780037000
2024-12-09 14:30:00+00:00,6065.31982421875,6088.509765625,6053.97021484375,6083.009765625,872543207
2024-12-09 18:30:00+00:00,6054.580078125,6072.580078125,6048.6298828125,6065.35009765625,844625000
2024-12-10 14:30:00+00:00,6052.18994140625,6065.39990234375,6048.89990234375,6057.58984375,829107782
2024-12-10 18:30:00+00:00,6036.31982421875,6054.240234375,6029.89013671875,6052.259765625,888439000
2024-12-11 14:30:00+00:00,6091.89013671875,6092.58984375,6060.14990234375,6060.14990234375,752200777
2024-12-11 18:30:00+00:00,6084.2001953125,6092.56982421875,6082.16015625,6091.97998046875,858572000
2024-12-12 14:30:00+00:00,6073.759765625,6079.68017578125,6059.35009765625,6074.2900390625,677331827
2024-12-12 18:30:00+00:00,6051.7001953125,6073.72021484375,6051.7001953125,6073.5400390625,765724000
2024-12-13 14:30:00+00:00,6047.52001953125,6078.580078125,6035.77001953125,6068.169921875,735934991
2024-12-13 18:30:00+00:00,6050.830078125,6054.5,6044.77001953125,6047.47021484375,772628000
2024-12-16 14:30:00+00:00,6083.5,6083.60009765625,6059.14013671875,6063.7900390625,808749352
2024-12-16 18:30:00+00:00,6074.47998046875,6085.18994140625,6068.10009765625,6083.5,943774000
2024-12-17 14:30:00+00:00,6048.169921875,6057.68017578125,6036.93994140625,6052.5498046875,799737371
2024-12-17 18:30:00+00:00,6050.31005859375,6053.7998046875,6035.18994140625,6048.080078125,859485000
2024-12-18 14:30:00+00:00,6058.56005859375,6070.669921875,6041.490234375,6047.64990234375,681493569
2024-12-18 18:30:00+00:00,5869.22021484375,6063.72021484375,5867.7900390625,6058.52001953125,1394531000
2024-12-19 14:30:00+00:00,5902.35986328125,5935.52001953125,5879.31982421875,5912.7099609375,902584103
2024-12-19 18:30:00+00:00,5866.06982421875,5918.31005859375,5866.06982421875,5902.2998046875,955706000
2024-12-20 14:30:00+00:00,5947.31005859375,5982.06005859375,5832.2998046875,5842.0,912296395
2024-12-20 18:30:00+00:00,5932.7998046875,5964.72998046875,5921.0498046875,5947.10986328125,1093803000
2024-12-23 14:30:00+00:00,5957.5498046875,5958.68017578125,5902.56982421875,5940.25,624071786
2024-12-23 18:30:00+00:00,5972.22998046875,5978.25,5947.81005859375,5957.56982421875,699071000
2024-12-24 14:30:00+00:00,6027.759765625,6029.22998046875,5981.43994140625,5984.6298828125,396306507
2024-12-26 14:30:00+00:00,6041.75,6049.75,6007.3701171875,6024.97021484375,428941383
2024-12-26 18:30:00+00:00,6037.08984375,6045.93994140625,6032.81982421875,6041.7900390625,473206168
2024-12-27 14:30:00+00:00,5949.6298828125,6006.169921875,5932.9501953125,6006.169921875,500709871
2024-12-27 18:30:00+00:00,5972.25,5979.22021484375,5948.10009765625,5949.72021484375,561835875
2024-12-30 14:30:00+00:00,5929.77001953125,5940.7900390625,5869.16015625,5920.669921875,551003873
2024-12-30 18:30:00+00:00,5907.43017578125,5938.5400390625,5905.7998046875,5929.759765625,587441878
2024-12-31 14:30:00+00:00,5874.43017578125,5929.740234375,5872.6298828125,5919.740234375,487889815
2024-12-31 18:30:00+00:00,5884.009765625,5897.8701171875,5868.85986328125,5874.419921875,612307337
2025-01-02 14:30:00+00:00,5846.5,5935.08984375,5834.27978515625,5903.259765625,650078537
2025-01-02 18:30:00+00:00,5868.83984375,5876.009765625,5829.52978515625,5846.580078125,696777000
2025-01-03 14:30:00+00:00,5937.7998046875,5937.85009765625,5888.66015625,5891.06982421875,591549989
2025-01-03 18:30:00+00:00,5941.8798828125,5949.33984375,5934.2900390625,5937.89013671875,697126000
2025-01-06 14:30:00+00:00,5997.1298828125,6021.0400390625,5982.81005859375,5982.81005859375,782191041
2025-01-06 18:30:00+00:00,5976.5,5997.6201171875,5960.009765625,5997.18994140625,821720000
2025-01-07 14:30:00+00:00,5945.75,6000.68017578125,5919.4599609375,5993.259765625,784715359
2025-01-07 18:30:00+00:00,5909.5400390625,5945.7099609375,5890.68017578125,5945.7099609375,816519000
2025-01-08 14:30:00+00:00,5914.27001953125,5922.02978515625,5874.77978515625,5910.66015625,724968134
2025-01-08 18:30:00+00:00,5916.5498046875,5927.89013671875,5893.2001953125,5914.18017578125,776414000
2025-01-10 14:30:00+00:00,5853.759765625,5890.35009765625,5807.77978515625,5890.35009765625,900998842
2025-01-10 18:30:00+00:00,5826.5,5866.5400390625,5818.7998046875,5853.7998046875,928056000
2025-01-13 14:30:00+00:00,5818.02001953125,5818.02001953125,5773.31005859375,5782.02001953125,783341987
2025-01-13 18:30:00+00:00,5836.10986328125,5838.60986328125,5811.41015625,5817.93994140625,849420000
2025-01-14 14:30:00+00:00,5841.3701171875,5871.919921875,5805.419921875,5859.27001953125,679036181
2025-01-14 18:30:00+00:00,5843.31005859375,5858.490234375,5810.72998046875,5841.3798828125,820626000
2025-01-15 14:30:00+00:00,5943.0,5950.75,5905.2099609375,5905.2099609375,754546767
2025-01-15 18:30:00+00:00,5948.81982421875,5960.60986328125,5940.72021484375,5943.06982421875,858728000
2025-01-16 14:30:00+00:00,5943.75,5964.68994140625,5934.43994140625,5963.60986328125,759191210
2025-01-16 18:30:00+00:00,5937.3798828125,5954.41015625,5930.72021484375,5943.740234375,837671000
2025-01-17 14:30:00+00:00,6012.1298828125,6014.9599609375,5978.43994140625,5995.39990234375,764719843
2025-01-17 18:30:00+00:00,5997.06982421875,6012.68017578125,5995.14013671875,6012.10986328125,896344000
2025-01-21 14:30:00+00:00,6047.06005859375,6050.18994140625,6006.8798828125,6014.1201171875,850372068
2025-01-21 18:30:00+00:00,6049.22998046875,6051.509765625,6038.2998046875,6047.10009765625,896824000
2025-01-22 14:30:00+00:00,6092.08984375,6100.81005859375,6076.1298828125,6081.39013671875,802473275
2025-01-22 18:30:00+00:00,6085.66015625,6097.7998046875,6083.72021484375,6092.1201171875,863427000
2025-01-23 14:30:00+00:00,6101.1298828125,6104.25,6074.669921875,6076.31982421875,720576520
2025-01-23 18:30:00+00:00,6118.22021484375,6118.22021484375,6093.97021484375,6101.14990234375,832347000
2025-01-24 14:30:00+00:00,6105.240234375,6128.18017578125,6101.60986328125,6121.43017578125,709551406
2025-01-24 18:30:00+00:00,6100.81982421875,6107.6298828125,6088.740234375,6105.240234375,857198000
2025-01-27 14:30:00+00:00,5980.35009765625,6017.169921875,5962.919921875,5969.0400390625,1239245687
2025-01-27 18:30:00+00:00,6013.39013671875,6014.81005859375,5980.18994140625,5980.5,1272382000
2025-01-28 14:30:00+00:00,6062.75,6068.7900390625,5994.6298828125,6026.97021484375,1033774872
2025-01-28 18:30:00+00:00,6066.9599609375,6074.5400390625,6053.60009765625,6062.68017578125,1040963000
2025-01-29 14:30:00+00:00,6043.52001953125,6062.830078125,6017.240234375,6057.7001953125,815978993
2025-01-29 18:30:00+00:00,6038.669921875,6057.27001953125,6012.9599609375,6043.56982421875,995725000
2025-01-30 14:30:00+00:00,6059.81982421875,6080.58984375,6027.4599609375,6050.75,880180644
2025-01-30 18:30:00+00:00,6069.66015625,6086.64013671875,6039.31005859375,6059.9501953125,1061481000
2025-01-31 14:30:00+00:00,6088.2099609375,6120.91015625,6087.72998046875,6096.7900390625,916383532
2025-01-31 18:30:00+00:00,6040.06982421875,6089.89013671875,6030.93017578125,6088.35986328125,1102022000
2025-02-03 14:30:00+00:00,5996.83984375,6011.43017578125,5923.93017578125,5969.64990234375,954461648
2025-02-03 18:30:00+00:00,5995.080078125,6022.1298828125,5993.14990234375,5996.830078125,945607000
2025-02-04 14:30:00+00:00,6031.0,6040.41015625,5990.8701171875,5998.14013671875,880400908
2025-02-04 18:30:00+00:00,6037.080078125,6042.47998046875,6025.77001953125,6030.9501953125,947239000
2025-02-05 14:30:00+00:00,6045.0,6051.08984375,6007.06005859375,6020.4501953125,906231829
2025-02-05 18:30:00+00:00,6061.89013671875,6062.85986328125,6043.6201171875,6044.97998046875,998370000
2025-02-06 14:30:00+00:00,6075.31005859375,6080.7099609375,6061.2900390625,6072.22021484375,903101203
2025-02-06 18:30:00+00:00,6082.85986328125,6084.02978515625,6046.830078125,6075.2099609375,1006942000
2025-02-07 14:30:00+00:00,6052.66015625,6101.27978515625,6026.91015625,6083.1298828125,931812699
2025-02-07 18:30:00+00:00,6025.93994140625,6055.68017578125,6019.9599609375,6052.7001953125,905594000
2025-02-10 14:30:00+00:00,6065.52978515625,6071.68017578125,6044.83984375,6046.39990234375,773161951
2025-02-10 18:30:00+00:00,6066.66015625,6073.3798828125,6061.2099609375,6065.509765625,856839000
2025-02-11 14:30:00+00:00,6058.10009765625,6070.14013671875,6042.33984375,6049.31982421875,850762053
2025-02-11 18:30:00+00:00,6068.919921875,6076.27978515625,6057.7900390625,6058.06005859375,894772000
2025-02-12 14:30:00+00:00,6053.10986328125,6063.0,6003.0,6025.080078125,832004532
2025-02-12 18:30:00+00:00,6051.009765625,6059.31005859375,6043.22021484375,6053.10986328125,920027000
2025-02-13 14:30:00+00:00,6079.56005859375,6093.2001953125,6050.9501953125,6060.58984375,870013441
2025-02-13 18:30:00+00:00,6114.93994140625,6116.91015625,6072.08984375,6079.66015625,986517000
2025-02-14 14:30:00+00:00,6115.759765625,6127.47021484375,6107.6201171875,6115.52001953125,791941639
2025-02-14 18:30:00+00:00,6113.740234375,6124.16015625,6111.93994140625,6115.759765625,918760000
2025-02-18 14:30:00+00:00,6114.06005859375,6125.39013671875,6108.93994140625,6121.60009765625,856537294
2025-02-18 18:30:00+00:00,6129.39013671875,6129.39013671875,6099.509765625,6114.06005859375,1029509000
2025-02-19 14:30:00+00:00,6132.0400390625,6135.06982421875,6111.14990234375,6117.759765625,903922655
2025-02-19 18:30:00+00:00,6143.9501953125,6147.43017578125,6130.2001953125,6132.06005859375,1052628000
2025-02-20 14:30:00+00:00,6094.18017578125,6134.5,6084.58984375,6134.5,895872976
2025-02-20 18:30:00+00:00,6118.009765625,6121.8701171875,6092.8798828125,6094.14990234375,938067000
2025-02-21 14:30:00+00:00,6035.8701171875,6114.81982421875,6035.68994140625,6114.10009765625,965657198
2025-02-21 18:30:00+00:00,6013.4599609375,6045.990234375,6008.56005859375,6035.8798828125,1190566000
2025-02-24 14:30:00+00:00,6028.08984375,6043.64990234375,5977.830078125,6026.68994140625,906826011
2025-02-24 18:30:00+00:00,5984.2998046875,6029.58984375,5979.93017578125,6028.1201171875,969760000
2025-02-25 14:30:00+00:00,5950.5400390625,5992.64990234375,5908.490234375,5982.72998046875,1120203173
2025-02-25 18:30:00+00:00,5955.919921875,5979.9501953125,5943.81005859375,5950.60009765625,1079267000
2025-02-26 14:30:00+00:00,5953.1298828125,6009.81982421875,5952.7900390625,5970.8701171875,907902588
2025-02-26 18:30:00+00:00,5957.43017578125,5965.8798828125,5932.68994140625,5952.91015625,982810000
2025-02-27 14:30:00+00:00,5959.25,5993.68994140625,5918.0400390625,5981.8798828125,867038464
2025-02-27 18:30:00+00:00,5862.7900390625,5962.5400390625,5858.77978515625,5959.4501953125,1193134000
2025-02-28 14:30:00+00:00,5859.8798828125,5903.490234375,5837.66015625,5856.740234375,983589783
2025-02-28 18:30:00+00:00,5953.02978515625,5959.39990234375,5848.6298828125,5859.8701171875,1183460000
2025-03-03 14:30:00+00:00,5892.6298828125,5986.08984375,5890.6298828125,5968.330078125,983236198
2025-03-03 18:30:00+00:00,5851.330078125,5917.60009765625,5810.91015625,5892.60009765625,1337613000
2025-03-04 14:30:00+00:00,5786.8701171875,5811.97998046875,5732.58984375,5811.97998046875,1346022520
2025-03-04 18:30:00+00:00,5777.43994140625,5865.080078125,5759.35009765625,5786.7001953125,1333871000
2025-03-05 14:30:00+00:00,5803.93994140625,5822.31005859375,5742.35009765625,5781.35986328125,986568431
2025-03-05 18:30:00+00:00,5840.9501953125,5860.58984375,5791.669921875,5803.93994140625,1092224000
2025-03-06 14:30:00+00:00,5736.080078125,5812.080078125,5721.58984375,5785.8701171875,976185874
2025-03-06 18:30:00+00:00,5738.490234375,5759.47998046875,5711.64013671875,5736.08984375,1234467000
2025-03-07 14:30:00+00:00,5735.64990234375,5770.47998046875,5666.2900390625,5726.009765625,1439956827
2025-03-07 18:30:00+00:00,5769.14990234375,5783.009765625,5733.56982421875,5735.740234375,1281156000
2025-03-10 13:30:00+00:00,5626.2998046875,5705.3701171875,5619.52001953125,5705.3701171875,1406092945
2025-03-10 17:30:00+00:00,5615.0,5632.68017578125,5564.02001953125,5626.27978515625,1551778000
2025-03-11 13:30:00+00:00,5530.06982421875,5625.68017578125,5528.8798828125,5603.64990234375,1215063708
2025-03-11 17:30:00+00:00,5571.7900390625,5636.2998046875,5528.41015625,5529.85009765625,1418956000
2025-03-12 13:30:00+00:00,5622.47998046875,5642.18994140625,5546.08984375,5624.83984375,1068495964
2025-03-12 17:30:00+00:00,5598.27978515625,5626.91015625,5586.68017578125,5622.5,1097886000
2025-03-13 13:30:00+00:00,5519.16015625,5597.77978515625,5511.39990234375,5594.4501953125,1032107088
2025-03-13 17:30:00+00:00,5521.56005859375,5553.10009765625,5504.64990234375,5518.81982421875,1107437000
2025-03-14 13:30:00+00:00,5621.47021484375,5634.06005859375,5563.85009765625,5563.85009765625,909966030
2025-03-14 17:30:00+00:00,5636.85986328125,5645.27001953125,5609.68017578125,5621.4501953125,991047000
2025-03-17 13:30:00+00:00,5664.18017578125,5669.2998046875,5631.1201171875,5635.60009765625,825618245
2025-03-17 17:30:00+00:00,5676.16015625,5703.52001953125,5663.10009765625,5664.3701171875,1001776000
2025-03-18 13:30:00+00:00,5611.2998046875,5654.52978515625,5597.759765625,5654.52978515625,862230265
2025-03-18 17:30:00+00:00,5615.3701171875,5627.72998046875,5603.89990234375,5611.41015625,941666000
2025-03-19 13:30:00+00:00,5639.990234375,5668.93017578125,5622.2001953125,5632.3701171875,724781405
2025-03-19 17:30:00+00:00,5675.27978515625,5715.330078125,5633.2001953125,5640.0,1172611000
2025-03-20 13:30:00+00:00,5652.89013671875,5711.14990234375,5632.330078125,5646.919921875,832575973
2025-03-20 17:30:00+00:00,5662.06982421875,5671.93994140625,5643.83984375,5652.91015625,892322000
2025-03-21 13:30:00+00:00,5643.68017578125,5658.81982421875,5603.10009765625,5630.72998046875,884536729
2025-03-21 17:30:00+00:00,5666.68017578125,5670.83984375,5637.58984375,5643.669921875,1227660000
2025-03-24 13:30:00+00:00,5752.77001953125,5766.56005859375,5718.080078125,5718.080078125,806628754
2025-03-24 17:30:00+00:00,5765.14990234375,5775.14013671875,5743.68994140625,5752.75,926244000
2025-03-25 13:30:00+00:00,5764.3701171875,5786.9501953125,5763.0498046875,5775.9599609375,712495360
2025-03-25 17:30:00+00:00,5776.830078125,5778.4501953125,5760.419921875,5764.39990234375,867773000
2025-03-26 13:30:00+00:00,5712.3701171875,5783.6201171875,5710.169921875,5771.66015625,825975076
2025-03-26 17:30:00+00:00,5712.10986328125,5717.919921875,5694.41015625,5712.2001953125,976623000
2025-03-27 13:30:00+00:00,5690.47021484375,5732.27978515625,5670.93994140625,5695.64013671875,869315040
2025-03-27 17:30:00+00:00,5692.35986328125,5722.31005859375,5687.169921875,5690.3701171875,913326000
2025-03-28 13:30:00+00:00,5575.0498046875,5685.89013671875,5573.93994140625,5679.2001953125,862953278
2025-03-28 17:30:00+00:00,5580.27978515625,5591.25,5572.419921875,5575.080078125,978278000
2025-03-31 13:30:00+00:00,5557.080078125,5572.60009765625,5488.72998046875,5527.91015625,895812889
2025-03-31 17:30:00+00:00,5611.330078125,5627.56005859375,5549.10009765625,5557.27978515625,1115210000
2025-04-01 13:30:00+00:00,5615.56005859375,5650.56982421875,5558.52001953125,5597.52978515625,866951239
2025-04-01 17:30:00+00:00,5632.919921875,5636.72021484375,5583.22021484375,5615.58984375,925061000
2025-04-02 13:30:00+00:00,5682.8701171875,5695.31005859375,5571.47998046875,5580.759765625,869073031
2025-04-02 17:30:00+00:00,5669.25,5682.72021484375,5632.14013671875,5682.72021484375,943766000
2025-04-03 13:30:00+00:00,5443.08984375,5499.52978515625,5415.66015625,5492.740234375,1569750000
2025-04-03 17:30:00+00:00,5394.89013671875,5457.72021484375,5390.830078125,5443.33984375,1745029000
2025-04-04 13:30:00+00:00,5129.97998046875,5292.14013671875,5101.75,5292.14013671875,2113761000
2025-04-04 17:30:00+00:00,5075.240234375,5174.93017578125,5069.89990234375,5129.93994140625,1962349000
2025-04-07 13:30:00+00:00,5073.93017578125,5246.56982421875,4835.0400390625,4953.7900390625,1904134000
2025-04-07 17:30:00+00:00,5059.85986328125,5120.56982421875,5020.4501953125,5073.85009765625,1892519000
2025-04-08 13:30:00+00:00,5042.60986328125,5267.47021484375,5042.0,5193.56982421875,1580827925
2025-04-08 17:30:00+00:00,4985.669921875,5107.2099609375,4910.419921875,5042.580078125,1843710000
2025-04-09 13:30:00+00:00,5256.31982421875,5351.169921875,4948.43017578125,4965.27978515625,1842533135
2025-04-09 17:30:00+00:00,5451.60986328125,5481.33984375,5252.27001953125,5256.83984375,3023677000
2025-04-10 13:30:00+00:00,5209.93017578125,5353.14990234375,5115.27001953125,5353.14990234375,1583180879
2025-04-10 17:30:00+00:00,5268.18017578125,5313.259765625,5201.2001953125,5210.080078125,1733456000
2025-04-11 13:30:00+00:00,5315.66015625,5347.5,5220.77001953125,5255.56005859375,1205055983
2025-04-11 17:30:00+00:00,5361.2001953125,5381.4599609375,5307.66015625,5315.93994140625,1306563000
2025-04-14 13:30:00+00:00,5392.419921875,5459.4599609375,5358.02001953125,5441.9599609375,1093181721
2025-04-14 17:30:00+00:00,5405.56005859375,5443.7001953125,5384.10986328125,5391.8701171875,1022341000
2025-04-15 13:30:00+00:00,5395.759765625,5450.41015625,5392.58984375,5411.990234375,844936183
2025-04-15 17:30:00+00:00,5396.7001953125,5410.330078125,5386.43994140625,5395.68017578125,939917000
2025-04-16 13:30:00+00:00,5332.91015625,5367.240234375,5314.5,5335.75,1447907000
2025-04-16 17:30:00+00:00,5276.259765625,5333.3798828125,5220.7900390625,5332.9599609375,1358859000
2025-04-17 13:30:00+00:00,5293.64013671875,5319.93017578125,5255.580078125,5305.4501953125,989861245
2025-04-17 17:30:00+00:00,5283.5,5328.31005859375,5274.27978515625,5293.68017578125,1022709000
2025-04-21 13:30:00+00:00,5115.56982421875,5232.93994140625,5112.18017578125,5232.93994140625,846146510
2025-04-21 17:30:00+00:00,5157.81005859375,5164.56982421875,5101.6298828125,5115.5400390625,1064418000
2025-04-22 13:30:00+00:00,5243.43994140625,5309.60986328125,5207.669921875,5207.669921875,1004958906
2025-04-22 17:30:00+00:00,5286.81005859375,5291.81005859375,5234.97021484375,5243.3798828125,986860000
2025-04-23 13:30:00+00:00,5399.89990234375,5469.68994140625,5357.64013671875,5395.919921875,1108494263
2025-04-23 17:30:00+00:00,5372.419921875,5405.97998046875,5356.169921875,5399.919921875,1006522000
2025-04-24 13:30:00+00:00,5467.06005859375,5475.35986328125,5371.9599609375,5381.3798828125,1550426000
2025-04-24 17:30:00+00:00,5483.58984375,5489.39990234375,5461.1298828125,5467.10986328125,1052123000
2025-04-25 13:30:00+00:00,5527.7099609375,5528.10986328125,5455.85986328125,5489.72998046875,900766935
2025-04-25 17:30:00+00:00,5523.52001953125,5527.830078125,5486.2900390625,5527.66015625,1003226000
2025-04-28 13:30:00+00:00,5471.47998046875,5553.66015625,5469.60986328125,5529.22021484375,808351444
2025-04-28 17:30:00+00:00,5528.64013671875,5539.64990234375,5468.64013671875,5471.43994140625,887109000
2025-04-29 13:30:00+00:00,5543.97998046875,5551.56005859375,5505.7001953125,5508.8701171875,812872702
2025-04-29 17:30:00+00:00,5560.2998046875,5571.9501953125,5543.64990234375,5544.0498046875,980772000
2025-04-30 13:30:00+00:00,5517.2001953125,5518.990234375,5433.240234375,5499.43994140625,858438415
2025-04-30 17:30:00+00:00,5560.16015625,5581.83984375,5509.02978515625,5517.18017578125,1126593000
2025-05-01 13:30:00+00:00,5630.27001953125,5658.91015625,5606.759765625,5625.14013671875,987539839
2025-05-01 17:30:00+00:00,5602.31005859375,5643.6201171875,5597.35009765625,5630.3701171875,1019650000
2025-05-02 13:30:00+00:00,5685.3701171875,5697.77978515625,5642.27978515625,5645.8798828125,922074572
2025-05-02 17:30:00+00:00,5685.72998046875,5700.7001953125,5678.43994140625,5685.35009765625,976447000
2025-05-05 13:30:00+00:00,5669.06005859375,5676.81982421875,5634.47998046875,5655.31982421875,741094696
2025-05-05 17:30:00+00:00,5651.2001953125,5683.3798828125,5648.2900390625,5669.0498046875,862924000
2025-05-06 13:30:00+00:00,5613.56005859375,5649.580078125,5586.0400390625,5605.8701171875,799215598
2025-05-06 17:30:00+00:00,5605.52001953125,5630.4501953125,5600.97998046875,5613.52978515625,905066000
2025-05-07 13:30:00+00:00,5630.02978515625,5637.10009765625,5601.10009765625,5614.18017578125,1354939146
2025-05-07 17:30:00+00:00,5629.75,5654.72998046875,5578.64013671875,5629.97998046875,1223470000
